seed,suggestion,popularity
signature,signature electronique gratuit,33
signature,acrobat,28
signature,docusign,27
signature,firma digital,26
signature,document signer,23
signature,adobe acrobat,20
signature,signature maker document sign,19
signature,tabelog,18
signature,pdf gratuit,18
signature,signature maker,18
signature,sign documents free,17
signature,signature pdf,17
signature,adobe fill sign,17
signature,electronic signature free,16
signature,pdf unterschreiben kostenlos,15
signature,firma digital gratis,15
signature,document sign,14
signature,free document signer,14
signature,pdf editor free,14
signature,digitale unterschrift,14
credentials,credentials,5
copyright,copyright,5
overlay,overlay,5
logo,quiz,37
logo,logo getränke fachmarkt,33
logo,logos,28
logo,logos gratis,27
logo,ロゴ 作成,21
logo,4 pics 1 word,20
logo,quiz games,17
logo,trivia,17
logo,poster maker free,16
logo,quizz logo,14
logo,ろご作成あぷり無料,13
logo,creation logo,13
logo,logo erstellen kostenlos,12
logo,creador de logos y diseño,11
logo,quiz culture générale,11
logo,quizzland,11
logo,logos erstellen,11
logo,wissens quizspiel deutsch,11
logo,ロゴチャ,9
logo,ロゴ 制作,9
metadata,metadata,5
timestamp,timestamp camera,47
timestamp,kamera,38
timestamp,time stamp camera free,38
timestamp,camera,36
timestamp,타임스탬프카메라,32
timestamp,timestamp free,20
timestamp,타임 스탬프,18
timestamp,스탬프카메라,18
timestamp,free time stamp camera,17
timestamp,데이마인,17
timestamp,타임스템프,14
timestamp,appareil photo,14
timestamp,foto mit zeitstempel,13
timestamp,timestamp camera gratis,11
timestamp,flag7x,11
timestamp,timestamp camera free gratis,11
timestamp,time stamp camera basic,11
timestamp,procamara,9
timestamp,time camera,9
timestamp,timestep,9
date,tinder,82
date,dating apps,69
date,dating,62
date,dating apps for free,55
date,date,49
date,dating app nz,49
date,dating app,41
date,dating apps schweiz,38
date,free dating apps uk,35
date,tender,35
date,taimi,33
date,bumpy,32
date,hud,32
date,hily,31
date,app citas,29
date,daring,28
date,cita,27
date,free dating apps australia,24
date,meetme,23
date,site rencontre,23
stamp,v380 pro,42
stamp,sony sound connect,42
stamp,rejsekort,41
stamp,stamp quest,40
stamp,magic stamp,38
stamp,safety tips,33
stamp,studysmarter,30
stamp,knowt,29
stamp,topcashback,23
stamp,스탬프,22
stamp,데이스탬프,17
stamp,sq,16
stamp,tabelog food guide in japan,16
stamp,切手,15
stamp,top cashback,15
stamp,eu login mobile app,14
stamp,v380 pro smart camera,11
stamp,stämps,11
stamp,stanpie,10
stamp,stamp value identifier,10
watermark,ftmo,28
watermark,filigrane gratuit,26
watermark,marca de agua en fotos,23
watermark,marca de agua,20
watermark,photo compressor free,16
watermark,watermarkly filigrana,15
watermark,filigrane document,13
watermark,filigrane,12
watermark,infos cacher,11
watermark,filigrane id protection,10
watermark,add watermark on photos,9
watermark,empowered motherhood program,9
watermark,gota de agua,9
watermark,watermark maker,9
watermark,compress photos pictures,9
watermark,fotos con marca de agua,9
watermark,watermark photo,8
watermark,watermark,8
watermark,watermarkly,8
watermark,aeroporto di napoli,7
c2pa,c2pa,5
camera,camera,60
camera,カメラ 360,41
camera,blackmagic camera,39
camera,camera360,39
camera,pro camera,36
camera,camera app,30
camera,iphone カメラ,28
camera,カメラアプリ 無料,27
camera,procamera,24
camera,camer,24
camera,cámara,24
camera,iphone camera app,23
camera,かめらあぷり無料,19
camera,photo camera,16
camera,camara iphone,16
camera,appareil photo,14
camera,film camera,10
camera,procamara,9
camera,camera pro,9
camera,camara pro,9
photo,photo,66
photo,photo editor,61
photo,フォト,58
photo,사진 편집,50
photo,포토,49
photo,foto bearbeiten,46
photo,사진편집 어플,43
photo,foto,43
photo,google フォト 無料,38
photo,photo editor free,38
photo,edit photo,37
photo,editor fotos,37
photo,ふぉと,33
photo,foto editor,33
photo,foto app,32
photo,app foto,32
photo,사진앱,30
photo,фото,26
photo,app per foto,23
photo,fotos,23
video,montage video,53
video,video,49
video,videos,43
video,video editor,40
video,editar videos,36
video,videos zusammen schneiden,36
video,비디오,36
video,imovie free,36
video,triller social videos clips,36
video,video app,31
video,edits video editor,31
video,vidéo,29
video,editor de video,28
video,vid,25
video,clipchamp,24
video,editor videos,24
video,video erstellen kostenlos,24
video,video player,23
video,make videos,22
video,hacer videos,22
